Keyword,Position,Previous position,Search Volume,Keyword Difficulty,CPC,URL,Traffic,Traffic (%),Traffic Cost,Competition,Number of Results,Trends,Timestamp,SERP Features by Keyword,Keyword Intents,Position Type
attitude shayari,1,1,1000000,30,0.28,https://attitude-shyari.com/,130000,90.33,36400.00,0.01,120,"67, 82, 67, 82, 82, 82, 82, 82, 82, 100, 100, 100",2026-08-13,"Image pack, Sitelinks, Reviews, Video, People also ask, Related searches, AI overview",informational,Organic
boys attitude shayari,5,0,74000,29,0.00,https://attitude-shyari.com/,2960,2.05,0.00,0,130,"37, 45, 45, 55, 45, 45, 55, 82, 67, 82, 82, 100",2026-08-20,"Image pack, Sitelinks, Video, Image, People also ask, Related searches",informational,Organic
attitude dosti shayari,1,1,5400,7,0.00,https://attitude-shyari.com/dosti-attitude-shayari/,2538,1.76,0.00,0.33,123,"82, 100, 67, 67, 55, 67, 55, 55, 55, 44, 36, 36",2026-07-29,"Image pack, Sitelinks, Video, Image, Video Carousel, Related searches",informational,Organic
attitude shayri,5,5,40500,27,0.07,https://attitude-shyari.com/,1620,1.12,113.00,0,113,"100, 100, 82, 82, 82, 82, 82, 82, 67, 55, 37, 37",2026-08-13,"Image pack, Reviews, Video, Related searches, AI overview",informational,Organic
attitude quotes in hindi with emoji,3,0,9900,25,0.00,https://attitude-shyari.com/,891,0.61,0.00,0.33,144,"4, 16, 30, 36, 36, 45, 55, 55, 67, 100, 100, 100",2026-08-20,"Sitelinks, Video, People also ask, Related searches",commercial,Organic
rangdari shayari,4,0,22200,27,0.40,https://attitude-shyari.com/,888,0.61,355.00,0.33,119,"67, 67, 67, 67, 67, 82, 100, 67, 67, 67, 67, 67",2026-08-19,"Image pack, Video, People also ask, Related searches, AI overview",informational,Organic
dosti shayari attitude,1,1,5400,25,0.00,https://attitude-shyari.com/dosti-attitude-shayari/,702,0.48,0.00,0.33,115,"82, 100, 67, 67, 55, 67, 55, 55, 55, 44, 36, 36",2026-07-28,"Sitelinks, Video, Image, People also ask, Related searches, AI overview",informational,Organic
attitude status,7,0,22200,26,0.00,https://attitude-shyari.com/attitude-status-in-hindi/,666,0.46,0.00,0.33,122,"100, 100, 82, 82, 82, 67, 67, 67, 55, 55, 55, 24",2026-08-19,"Image pack, Sitelinks, Video, People also ask, Related searches, AI overview",informational,Organic
attitude status in hindi,10,10,22200,17,0.40,https://attitude-shyari.com/attitude-status-in-hindi/,555,0.38,222.00,0.33,143,"13, 20, 20, 13, 55, 16, 16, 16, 13, 100, 20, 7",2026-08-19,"Sitelinks, Reviews, Video, People also ask, Related searches",informational,Organic
attitude shayari 2 line,6,6,18100,23,0.00,https://attitude-shyari.com/attitude-shayari-2-line-in-hindi/,543,0.37,0.00,0.33,130,"45, 37, 45, 67, 67, 82, 100, 67, 55, 55, 45, 37",2026-08-14,"Image pack, Video, People also ask, Related searches, AI overview",informational,Organic
dosti attitude shayari,3,3,5400,6,0.00,https://attitude-shyari.com/dosti-attitude-shayari/,486,0.33,0.00,0.33,103,"82, 100, 67, 67, 55, 67, 55, 55, 55, 44, 36, 36",2026-08-01,"Image pack, Sitelinks, Video, Image, Video Carousel, Related searches",informational,Organic
formal status in hindi,4,4,3600,25,0.00,https://attitude-shyari.com/attitude-status-in-hindi/,180,0.12,0.00,0.33,143,"2, 5, 23, 36, 36, 44, 54, 54, 54, 67, 81, 100",2026-06-28,"Reviews, Video, Featured snippet, People also ask, Related searches","commercial, informational",Organic
two line attitude shayari in hindi,4,4,2400,24,0.00,https://attitude-shyari.com/attitude-shayari-2-line-in-hindi/,168,0.11,0.00,0.33,129,"20, 55, 83, 83, 83, 100, 100, 83, 83, 100, 100, 100",2026-08-12,"Sitelinks, Video, People also ask, Related searches, AI overview",commercial,Organic
2 line attitude shayari,7,7,5400,21,0.00,https://attitude-shyari.com/attitude-shayari-2-line-in-hindi/,162,0.11,0.00,0.33,131,"81, 100, 81, 81, 81, 81, 100, 67, 54, 54, 54, 44",2026-08-10,"Image pack, Sitelinks, Video, Image, People also ask, Related searches, AI overview",informational,Organic
attitude shayari in hindi with emoji,1,0,260,18,0.00,https://attitude-shyari.com/,122,0.08,0.00,0.33,123,"54, 44, 67, 54, 44, 54, 67, 67, 82, 100, 100, 100",2026-08-19,"Sitelinks, Video, People also ask, Related searches",commercial,Organic
villain shayari,2,2,1300,30,0.00,https://attitude-shyari.com/attitude-shayari-2-line-in-hindi/,117,0.08,0.00,0.33,126,"100, 100, 100, 100, 81, 100, 100, 62, 62, 55, 81, 62",2026-07-26,"Image pack, Reviews, Video, People also ask, Related searches",informational,Organic
attitude shayri in hindi,5,44,2900,24,0.02,https://attitude-shyari.com/,116,0.08,2.00,0,125,"100, 16, 24, 16, 19, 16, 55, 10, 10, 29, 19, 19",2026-08-19,"Reviews, Video, People also ask, Related searches, AI overview",informational,Organic
attitude caption in hindi,7,7,3600,27,0.00,https://attitude-shyari.com/,108,0.07,0.00,0.33,142,"100, 81, 67, 81, 67, 81, 81, 67, 67, 54, 54, 44",2026-08-04,"Image pack, Reviews, Video, Featured snippet, Related searches",informational,Organic
shayari for attitude,6,6,1900,31,0.01,https://attitude-shyari.com/,95,0.06,0.00,0,114,"67, 67, 54, 54, 79, 79, 67, 79, 67, 79, 100, 100",2026-07-12,"Reviews, Video, Video Carousel, Related searches",commercial,Organic
attitude shayari new,4,4,1300,19,0.00,https://attitude-shyari.com/,91,0.06,0.00,0.33,124,"100, 100, 100, 100, 81, 100, 100, 81, 62, 62, 62, 62",2026-08-13,"Sitelinks, Reviews, Video, People also ask, Related searches",commercial,Organic
attitude shayri,1,1,40500,27,0.07,https://attitude-shyari.com/,79,0.05,5.00,0,113,"100, 100, 82, 82, 82, 82, 82, 82, 67, 55, 37, 37",2026-08-13,"Image pack, Reviews, Video, Related searches, AI overview",informational,AI overview
attitude status,1,0,22200,26,0.00,https://attitude-shyari.com/attitude-status-in-hindi/,72,0.05,0.00,0.33,122,"100, 100, 82, 82, 82, 67, 67, 67, 55, 55, 55, 24",2026-08-19,"Image pack, Sitelinks, Video, People also ask, Related searches, AI overview",informational,AI overview
instagram shayari 2 line attitude in hindi,5,5,1300,,0.00,https://attitude-shyari.com/attitude-shayari-2-line-in-hindi/,52,0.03,0.00,0.33,135,"0, 1, 0, 1, 1, 2, 24, 53, 81, 81, 100, 100",2026-08-10,"Sitelinks, Reviews, Video, Featured snippet, People also ask, Related searches","commercial, informational",Organic
stylish shayari attitude,2,2,390,10,0.00,https://attitude-shyari.com/,50,0.03,0.00,0.33,89,"36, 44, 44, 44, 44, 66, 81, 81, 100, 81, 81, 66",2026-08-16,"Sitelinks, Video, Video Carousel, People also ask, Related searches",informational,Organic
attitude wala shayari,9,7,1600,27,0.00,https://attitude-shyari.com/,48,0.03,0.00,0.33,127,"84, 84, 84, 84, 68, 84, 100, 84, 100, 84, 100, 100",2026-08-20,"Reviews, Video, Featured snippet, People also ask, Related searches","commercial, informational",Organic
royal attitude shayari for boys,3,0,480,5,0.00,https://attitude-shyari.com/,33,0.02,0.00,0,120,"45, 62, 81, 100, 55, 7, 6, 6, 4, 1, 1, 1",2026-08-20,"Sitelinks, Video, People also ask, Related searches",informational,Organic
dosti attitude shayari in hindi,2,2,260,5,0.00,https://attitude-shyari.com/dosti-attitude-shayari/,33,0.02,0.00,0.33,112,"67, 44, 54, 44, 82, 82, 100, 82, 67, 54, 44, 28",2026-08-04,"Sitelinks, Video, Ads bottom, Related searches",informational,Organic
dosti shayri attitude,6,6,1300,10,0.00,https://attitude-shyari.com/dosti-attitude-shayari/,32,0.02,0.00,0,123,"5, 6, 9, 30, 100, 44, 35, 67, 7, 2, 7, 7",2026-07-27,"Sitelinks, Video, Image, Video Carousel, People also ask, Related searches, AI overview",informational,Organic
attitude status 2021,7,7,1000,25,0.00,https://attitude-shyari.com/attitude-status-in-hindi/,30,0.02,0.00,0,135,"0, 0, 0, 6, 25, 100, 67, 54, 54, 67, 79, 37",2026-06-29,"Reviews, Video, Related searches, AI overview",informational,Organic
2 line shayari in hindi attitude,6,6,720,23,0.00,https://attitude-shyari.com/attitude-shayari-2-line-in-hindi/,28,0.01,0.00,0.33,128,"72, 72, 72, 59, 59, 88, 100, 88, 72, 59, 59, 59",2026-08-13,"Sitelinks, Video, Featured snippet, Video Carousel, People also ask, Related searches","commercial, informational",Organic
dost attitude shayari,1,1,210,7,0.00,https://attitude-shyari.com/dosti-attitude-shayari/,27,0.01,0.00,0.33,110,"53, 66, 66, 53, 81, 81, 100, 81, 66, 53, 44, 53",2026-08-16,"Sitelinks, Video, Image, Ads top, People also ask, Related searches, AI overview",informational,Organic
full attitude shayari,8,8,720,34,0.00,https://attitude-shyari.com/,21,0.01,0.00,0.33,122,"100, 100, 100, 82, 82, 82, 82, 82, 82, 82, 67, 82",2026-06-28,"Reviews, Video, People also ask, Related searches",commercial,Organic
attitude shayari line,6,6,480,27,0.00,https://attitude-shyari.com/,19,0.01,0.00,0.33,128,"19, 36, 55, 44, 44, 55, 55, 55, 55, 100, 100, 82",2026-08-02,"Sitelinks, Video, Related searches, AI overview",informational,Organic
attitude shayari dosti,6,6,480,4,0.00,https://attitude-shyari.com/dosti-attitude-shayari/,19,0.01,0.00,0.33,120,"100, 100, 100, 81, 81, 81, 100, 100, 81, 66, 54, 54",2026-07-13,"Sitelinks, Video, Video Carousel, Related searches, AI overview",informational,Organic
new post shayari,8,8,720,28,0.00,https://attitude-shyari.com/,18,0.01,0.00,0.33,139,"100, 100, 100, 100, 100, 100, 100, 82, 82, 67, 67, 67",2026-08-12,"Image pack, Reviews, Video, Ads top, Ads bottom, People also ask, Related searches",informational,Organic
attitude sher,3,3,320,23,0.00,https://attitude-shyari.com/,16,0.01,0.00,0,120,"81, 100, 100, 100, 100, 100, 81, 81, 81, 81, 81, 100",2026-08-15,"Image pack, Video, People also ask, Related searches, AI overview",informational,Organic
attitude hindi lines,5,0,320,23,0.00,https://attitude-shyari.com/,16,0.01,0.00,0,134,"82, 100, 100, 100, 100, 82, 82, 82, 67, 67, 82, 100",2026-08-20,"Sitelinks, Reviews, Video, Video Carousel, People also ask, Related searches","commercial, informational",Organic
stylish hindi status,2,2,110,10,0.00,https://attitude-shyari.com/,14,0,0.00,0.33,106,"2, 2, 54, 8, 100, 29, 12, 3, 3, 2, 2, 2",2026-08-14,"Sitelinks, Reviews, Video, Related searches",commercial,Organic
simple boy shayari,10,10,590,5,0.00,https://attitude-shyari.com/boys-attitude-shayari-in-hindi/,14,0,0.00,0,105,"67, 82, 67, 67, 82, 67, 82, 100, 82, 82, 82, 100",2026-08-19,"Sitelinks, Video, People also ask, Related searches",commercial,Organic
attitude status written in hindi,9,9,480,15,0.00,https://attitude-shyari.com/attitude-status-in-hindi/,14,0,0.00,0.33,140,"1, 4, 5, 7, 7, 11, 17, 17, 21, 53, 68, 100",2026-08-11,"Sitelinks, Reviews, Related searches","commercial, informational",Organic
dosti shayari hindi attitude,4,4,260,6,0.00,https://attitude-shyari.com/dosti-attitude-shayari/,13,0,0.00,0.33,109,"67, 44, 54, 44, 82, 82, 100, 82, 67, 54, 44, 28",2026-08-02,"Sitelinks, Reviews, Video, Image, People also ask, Related searches, AI overview",informational,Organic
dosti shayari in hindi attitude,5,5,320,6,0.00,https://attitude-shyari.com/dosti-attitude-shayari/,12,0,0.00,0.33,118,"67, 67, 54, 44, 54, 100, 100, 100, 67, 54, 54, 54",2026-07-20,"Sitelinks, Video, Video Carousel, People also ask, Related searches, AI overview",informational,Organic
self attitude shayari,6,37,390,29,0.00,https://attitude-shyari.com/,11,0,0.00,0.33,134,"100, 81, 81, 81, 81, 81, 100, 81, 67, 44, 67, 54",2026-08-20,"Sitelinks, Reviews, Video, People also ask, Related searches, AI overview","commercial, informational",Organic
shayari attitude shayari,4,4,170,30,0.00,https://attitude-shyari.com/,11,0,0.00,0.33,125,"65, 65, 81, 100, 54, 65, 65, 54, 65, 54, 42, 54",2026-08-18,"Sitelinks, Reviews, Video, Featured snippet, People also ask, Related searches",informational,Organic
sher shayari attitude,11,11,1600,31,0.00,https://attitude-shyari.com/,11,0,0.00,0.33,134,"84, 100, 84, 84, 84, 84, 84, 84, 53, 68, 53, 53",2026-06-22,"Reviews, Video, People also ask, Related searches",commercial,Organic
attitude shayari copy hindi,5,5,210,23,0.00,https://attitude-shyari.com/,10,0,0.00,0,135,"3, 3, 2, 2, 2, 2, 3, 4, 3, 4, 77, 100",2026-08-07,"Reviews, Video, People also ask, Related searches",commercial,Organic
boys shayari,30,30,14800,21,1.18,https://attitude-shyari.com/boys-attitude-shayari-in-hindi/,10,0,11.00,0,134,"82, 100, 82, 82, 82, 67, 67, 82, 67, 67, 67, 82",2026-08-15,"Image pack, Sitelinks, Reviews, Video, People also ask, Related searches",informational,Organic
royal shayari 2 line,8,8,320,4,0.00,https://attitude-shyari.com/attitude-shayari-2-line-in-hindi/,9,0,0.00,0.33,112,"36, 54, 66, 66, 66, 100, 100, 81, 81, 12, 8, 12",2026-07-31,"Sitelinks, Video, People also ask, Related searches",commercial,Organic
dosti attitude shayri,3,3,140,4,0.00,https://attitude-shyari.com/dosti-attitude-shayari/,9,0,0.00,0,113,"3, 1, 29, 1, 100, 19, 1, 1, 1, 3, 44, 36",2026-08-09,"Sitelinks, Video, Related searches, AI overview",informational,Organic
rangdar shayari hindi,7,0,320,19,0.00,https://attitude-shyari.com/,8,0,0.00,0.33,131,"44, 44, 44, 54, 54, 81, 100, 67, 67, 54, 54, 67",2026-08-20,"Image pack, Sitelinks, Video, Ads top, Ads bottom, People also ask, Related searches, AI overview",commercial,Organic
my attitude shayari for girl,13,13,1600,8,0.00,https://attitude-shyari.com/attitude-shayari-for-girls-in-hindi/,8,0,0.00,0,120,"83, 100, 83, 100, 100, 83, 45, 17, 9, 11, 9, 9",2026-08-13,"Sitelinks, Video, People also ask, Related searches, AI overview",informational,Organic
dosti attitude status,6,6,170,3,0.00,https://attitude-shyari.com/dosti-attitude-shayari/,8,0,0.00,0.33,113,"65, 81, 100, 65, 65, 81, 65, 65, 54, 54, 27, 42",2026-06-27,"Sitelinks, Video, Video Carousel, Related searches",commercial,Organic
hindi status text,12,12,1000,30,0.00,https://attitude-shyari.com/attitude-status-in-hindi/,7,0,0.00,0.33,130,"2, 9, 11, 16, 13, 16, 20, 16, 28, 67, 81, 100",2026-07-26,"Reviews, Ads top, People also ask, Related searches",commercial,Organic
attitude quotes in hindi one line,8,8,260,20,0.00,https://attitude-shyari.com/,7,0,0.00,0.33,131,"8, 8, 24, 44, 44, 44, 54, 66, 54, 66, 66, 100",2026-07-10,"Sitelinks, Reviews, Video, People also ask, Related searches","commercial, informational",Organic
shayari two line attitude,5,5,140,15,0.00,https://attitude-shyari.com/attitude-shayari-2-line-in-hindi/,7,0,0.00,0.33,107,"65, 82, 65, 82, 65, 82, 100, 82, 65, 82, 82, 65",2026-08-19,"Sitelinks, Video, Related searches, AI overview",commercial,Organic
attitude two line shayari in hindi,7,7,170,19,0.00,https://attitude-shyari.com/attitude-shayari-2-line-in-hindi/,6,0,0.00,0.33,133,"22, 28, 44, 44, 53, 81, 66, 44, 53, 81, 81, 100",2026-07-28,"Sitelinks, Reviews, Video, People also ask, Related searches","commercial, informational",Organic
attitude muchh status,6,6,170,18,0.00,https://attitude-shyari.com/attitude-status-in-hindi/,6,0,0.00,0.33,131,"6, 28, 44, 44, 53, 53, 44, 44, 44, 100, 66, 81",2026-07-21,"Video, People also ask, Related searches",informational,Organic
new hindi status attitude,13,13,880,23,0.00,https://attitude-shyari.com/attitude-status-in-hindi/,6,0,0.00,0.33,129,"11, 13, 16, 16, 20, 30, 42, 37, 42, 54, 100, 79",2026-07-28,"Reviews, Video, Related searches",commercial,Organic
boys attitude shayari in hindi,11,11,3600,21,0.00,https://attitude-shyari.com/,6,0,0.00,0,136,"66, 100, 82, 82, 66, 82, 82, 82, 82, 82, 82, 100",2026-07-29,"Sitelinks, Reviews, Video, People also ask, Related searches",commercial,Organic
attitude boys shayari,32,32,9900,32,0.00,https://attitude-shyari.com/boys-attitude-shayari-in-hindi/,6,0,0.00,0,131,"82, 82, 82, 82, 82, 82, 82, 100, 82, 82, 82, 100",2026-08-17,"Video, Featured snippet, Video Carousel, People also ask, Related searches","commercial, informational",Organic
branded status in hindi,9,9,210,17,0.00,https://attitude-shyari.com/attitude-status-in-hindi/,6,0,0.00,0.33,144,"10, 18, 36, 36, 36, 44, 54, 44, 54, 82, 100, 82",2026-08-11,"Sitelinks, Reviews, People also ask, Related searches",commercial,Organic
new attitude shayari,15,15,1300,30,0.00,https://attitude-shyari.com/,5,0,0.00,0.33,135,"100, 100, 100, 100, 81, 100, 100, 81, 62, 62, 62, 62",2026-07-29,"Reviews, Video, People also ask, Related searches",commercial,Organic
attitude shayris,3,42,110,17,0.00,https://attitude-shyari.com/,5,0,0.00,0,122,"67, 81, 100, 52, 43, 52, 43, 67, 33, 33, 33, 33",2026-08-20,"Image pack, Sitelinks, Reviews, Video, People also ask, Related searches",informational,Organic
attitude caption hindi,18,18,3600,28,0.00,https://attitude-shyari.com/attitude-status-in-hindi/,5,0,0.00,0.33,144,"100, 81, 67, 81, 67, 81, 81, 67, 67, 54, 54, 44",2026-08-04,"Image pack, Reviews, Video, Featured snippet, Image, People also ask, Related searches",informational,Organic
body attitude status in hindi,11,11,390,20,0.00,https://attitude-shyari.com/,5,0,0.00,0.33,140,"1, 5, 21, 32, 39, 39, 39, 39, 39, 32, 88, 100",2026-07-10,"Reviews, Video, Featured snippet, Related searches","commercial, informational",Organic
top attitude shayari,5,5,110,26,0.00,https://attitude-shyari.com/,5,0,0.00,0.33,121,"100, 36, 54, 82, 8, 3, 5, 3, 3, 3, 8, 8",2026-07-04,"Video, Ads top, Related searches, Ads middle",commercial,Organic
girls attitude shayri,19,19,3600,7,0.00,https://attitude-shyari.com/attitude-shayari-for-girls-in-hindi/,5,0,0.00,0,167,"67, 81, 100, 67, 36, 30, 23, 23, 20, 20, 20, 20",2026-08-17,"Sitelinks, Reviews, Video, People also ask, Related searches, AI overview",informational,Organic
shayari on attitude boy in hindi,7,7,110,38,0.00,https://attitude-shyari.com/,4,0,0.00,0,135,"3, 8, 3, 3, 67, 54, 67, 100, 13, 36, 3, 28",2026-06-25,"Reviews, Video, Featured snippet, People also ask, Related searches",commercial,Organic
villain shayari in hindi,2,2,170,11,0.00,https://attitude-shyari.com/attitude-shayari-2-line-in-hindi/,4,0,0.00,0.33,148,"66, 53, 53, 100, 81, 53, 66, 34, 28, 28, 28, 53",2026-07-09,"Image pack, Sitelinks, Reviews, Video, People also ask, Related searches",informational,Organic
new high attitude status in hindi,8,8,140,20,0.00,https://attitude-shyari.com/attitude-status-in-hindi/,4,0,0.00,0.33,151,"4, 27, 42, 54, 42, 65, 65, 42, 54, 100, 100, 81",2026-07-25,"Video, Featured snippet, Related searches","commercial, informational",Organic
mc shayari,8,8,140,23,0.00,https://attitude-shyari.com/,3,0,0.00,0.33,104,"52, 81, 100, 100, 81, 100, 100, 100, 100, 10, 10, 5",2026-08-12,"Image pack, Sitelinks, Reviews, Video, Ads top, Ads bottom, People also ask, Related searches",informational,Organic
attitude shayari two line in hindi,7,7,110,22,0.00,https://attitude-shyari.com/attitude-shayari-2-line-in-hindi/,3,0,0.00,0.33,133,"53, 53, 82, 82, 65, 82, 82, 53, 53, 65, 82, 100",2026-07-28,"Sitelinks, Reviews, Video, People also ask, Related searches, AI overview","commercial, informational",Organic
style status hindi,7,7,110,11,0.00,https://attitude-shyari.com/attitude-status-in-hindi/,3,0,0.00,0.33,141,"53, 53, 53, 65, 100, 65, 65, 82, 82, 41, 41, 41",2026-08-14,"Sitelinks, Reviews, Video, Video Carousel, People also ask, Related searches",commercial,Organic
trending shayari in hindi,8,8,590,41,0.00,https://attitude-shyari.com/,3,0,0.00,0.33,136,"44, 55, 67, 55, 67, 100, 100, 82, 82, 67, 67, 67",2026-07-30,"Reviews, Video, Image, People also ask, Related searches, AI overview",informational,Organic
simple boy status in hindi,16,16,1000,9,0.00,https://attitude-shyari.com/boys-attitude-shayari-in-hindi/,3,0,0.00,0,132,"55, 77, 68, 77, 77, 77, 77, 77, 77, 68, 68, 100",2026-06-28,"Reviews, Video, People also ask, Related searches",commercial,Organic
top new status in hindi,10,10,1000,28,0.00,https://attitude-shyari.com/attitude-status-in-hindi/,2,0,0.00,0.33,144,"1, 3, 13, 25, 25, 25, 34, 34, 45, 55, 66, 100",2026-06-22,"Reviews, Ads top, Ads bottom, People also ask, Related searches","commercial, informational",Organic
do line status attitude,30,30,3600,32,0.00,https://attitude-shyari.com/attitude-shayari-2-line-in-hindi/,2,0,0.00,0.33,122,"3, 9, 44, 67, 54, 54, 67, 81, 81, 81, 100, 100",2026-06-27,"Sitelinks, Video, People also ask, Related searches, AI overview",commercial,Organic
bf hindi status attitude,11,11,210,27,0.00,https://attitude-shyari.com/attitude-status-in-hindi/,2,0,0.00,0.33,113,"100, 81, 81, 81, 100, 100, 53, 53, 22, 44, 53, 66",2026-07-03,"Sitelinks, Video, Related searches",commercial,Organic
simple boy shayari,13,13,590,5,0.00,https://attitude-shyari.com/boys-attitude-shayari-in-hindi/,2,0,0.00,0,105,"67, 82, 67, 67, 82, 67, 82, 100, 82, 82, 82, 100",2026-08-19,"Sitelinks, Video, People also ask, Related searches",commercial,Organic
smart boy status in hindi,11,11,320,4,0.00,https://attitude-shyari.com/boys-attitude-shayari-in-hindi/,2,0,0.00,0,134,"82, 82, 67, 82, 82, 82, 100, 100, 82, 82, 67, 67",2026-08-18,"Sitelinks, Reviews, Video, People also ask, Related searches","commercial, informational",Organic
whatsapp status in hindi attitude,11,11,1000,27,0.00,https://attitude-shyari.com/attitude-status-in-hindi/,1,0,0.00,0.33,132,"55, 68, 68, 77, 77, 77, 77, 68, 68, 77, 100, 100",2026-06-24,"Reviews, Video, People also ask, Related searches",commercial,Organic
attitude post shayari,9,9,110,23,0.00,https://attitude-shyari.com/,1,0,0.00,0.33,139,"100, 100, 79, 79, 79, 79, 100, 100, 64, 64, 64, 64",2026-08-13,"Image pack, Sitelinks, Reviews, Video, People also ask, Related searches",informational,Organic
cool attitude status in hindi,14,14,390,17,0.00,https://attitude-shyari.com/attitude-status-in-hindi/,1,0,0.00,0.33,141,"81, 81, 100, 100, 81, 81, 81, 81, 81, 81, 67, 81",2026-06-26,"Sitelinks, Reviews, Video, Related searches",commercial,Organic
do line status attitude,41,41,3600,32,0.00,https://attitude-shyari.com/attitude-shayari-2-line-in-hindi/,1,0,0.00,0.33,122,"3, 9, 44, 67, 54, 54, 67, 81, 81, 81, 100, 100",2026-06-27,"Sitelinks, Video, People also ask, Related searches, AI overview",commercial,Organic
formal attitude status,11,11,210,23,0.00,https://attitude-shyari.com/attitude-status-in-hindi/,1,0,0.00,0.33,308000000,"1, 2, 16, 55, 19, 19, 24, 16, 10, 10, 16, 100",2026-07-29,"Video, People also ask, Related searches, AI overview",informational,Organic
attitude status girl hindi,13,13,590,19,0.00,https://attitude-shyari.com/attitude-shayari-for-girls-in-hindi/,1,0,0.00,0,132,"88, 100, 100, 88, 59, 39, 39, 39, 39, 32, 26, 21",2026-08-14,"Reviews, Video, Featured snippet, Video Carousel, People also ask, Related searches",informational,Organic
one line attitude quotes in hindi,14,14,210,18,0.00,https://attitude-shyari.com/attitude-status-in-hindi/,1,0,0.00,0.33,138,"53, 53, 53, 53, 53, 66, 66, 53, 53, 81, 100, 100",2026-08-12,"Reviews, Video, People also ask, Related searches",informational,Organic
two line attitude status,13,13,260,11,0.00,https://attitude-shyari.com/attitude-shayari-2-line-in-hindi/,1,0,0.00,0.33,116,"81, 100, 81, 81, 81, 81, 81, 66, 66, 100, 100, 100",2026-08-14,"Sitelinks, Video, People also ask, Related searches, AI overview",informational,Organic
attitude shayari text,11,11,210,27,0.00,https://attitude-shyari.com/,1,0,0.00,0.33,129,"100, 81, 66, 66, 66, 66, 53, 66, 53, 44, 53, 53",2026-08-02,"Reviews, Video, Related searches",commercial,Organic
bindas girl shayari,10,10,210,7,0.00,https://attitude-shyari.com/attitude-shayari-for-girls-in-hindi/,1,0,0.00,0,133,"67, 36, 36, 54, 54, 44, 44, 67, 54, 82, 82, 100",2026-08-13,"Sitelinks, Reviews, Video, People also ask, Related searches, AI overview",informational,Organic
new attitude status,13,13,480,41,0.00,https://attitude-shyari.com/attitude-status-in-hindi/,1,0,0.00,0.33,122,"81, 100, 81, 81, 66, 100, 100, 66, 66, 81, 100, 100",2026-08-19,"Sitelinks, Video, People also ask, Related searches, AI overview",informational,Organic
hero style shayari,11,11,210,8,0.00,https://attitude-shyari.com/,1,0,0.00,0.33,100,"8, 8, 8, 8, 16, 16, 16, 16, 19, 30, 55, 100",2026-08-08,"Reviews, Video, People also ask, Related searches",informational,Organic
hindi text status,14,14,260,24,0.00,https://attitude-shyari.com/attitude-status-in-hindi/,1,0,0.00,0.33,142,"8, 19, 29, 29, 24, 36, 36, 29, 54, 81, 100, 100",2026-07-29,"Reviews, People also ask, Related searches, See results about",commercial,Organic
high status in hindi,5,5,110,28,0.00,https://attitude-shyari.com/attitude-status-in-hindi/,1,0,0.00,0.33,132,"8, 35, 54, 42, 42, 35, 54, 35, 35, 65, 100, 65",2026-08-14,"Reviews, Video, Featured snippet, People also ask, Related searches","commercial, informational",Organic
2 line shayari attitude,45,45,1600,11,0.00,https://attitude-shyari.com/attitude-shayari-2-line-in-hindi/,0,0,0.00,0.33,124,"42, 42, 54, 54, 67, 67, 100, 100, 79, 79, 67, 54",2026-06-27,"Image pack, Video, Image, People also ask, Related searches","commercial, informational",Organic
dhasu status in hindi,40,40,110,28,0.00,https://attitude-shyari.com/attitude-status-in-hindi/,0,0,0.00,0.33,140,"82, 82, 100, 82, 41, 65, 53, 65, 53, 53, 53, 65",2026-07-29,"Image pack, Sitelinks, Video, People also ask, Related searches",commercial,Organic
dabang shayari hindi,50,50,320,29,0.00,https://attitude-shyari.com/,0,0,0.00,0.33,124,"35, 44, 54, 54, 67, 67, 81, 100, 67, 81, 67, 67",2026-06-21,"Reviews, Video, People also ask, Related searches",commercial,Organic
dabang shayari hindi,61,61,320,29,0.00,https://attitude-shyari.com/,0,0,0.00,0.33,124,"35, 44, 54, 54, 67, 67, 81, 100, 67, 81, 67, 67",2026-06-21,"Reviews, Video, People also ask, Related searches",commercial,Organic
one line attitude shayari in hindi,46,46,480,23,0.00,https://attitude-shyari.com/,0,0,0.00,0.33,129,"5, 13, 20, 30, 45, 68, 68, 100, 68, 68, 3, 4",2026-07-01,"Reviews, Video, People also ask, Related searches, AI overview",commercial,Organic
dabang status,42,42,320,10,0.00,https://attitude-shyari.com/attitude-status-in-hindi/,0,0,0.00,0.33,123,"100, 100, 82, 100, 82, 100, 100, 82, 67, 54, 67, 67",2026-07-03,"Image pack, Video, Related searches",commercial,Organic
current status in hindi,58,58,210,27,0.00,https://attitude-shyari.com/attitude-status-in-hindi/,0,0,0.00,0.33,127,"66, 81, 81, 81, 53, 53, 66, 66, 100, 81, 66, 66",2026-07-02,"Image pack, Reviews, Video, Featured snippet, Video Carousel, People also ask, Related searches",informational,Organic
best hindi attitude shayari,41,41,880,27,0.00,https://attitude-shyari.com/,0,0,0.00,0.33,133,"88, 100, 100, 88, 88, 88, 100, 100, 100, 88, 72, 88",2026-06-30,"Reviews, Video, Related searches, AI overview",commercial,Organic
stylish hindi status,26,26,110,10,0.00,https://attitude-shyari.com/attitude-status-in-hindi/,0,0,0.00,0.33,106,"2, 2, 54, 8, 100, 29, 12, 3, 3, 2, 2, 2",2026-08-14,"Sitelinks, Reviews, Video, Related searches",commercial,Organic
attitude shayari 2 line hindi,56,56,1000,20,0.00,https://attitude-shyari.com/attitude-shayari-2-line-in-hindi/,0,0,0.00,0.33,133,"100, 77, 77, 77, 77, 100, 100, 100, 68, 68, 55, 45",2026-06-22,"Sitelinks, Video, Related searches, AI overview",commercial,Organic
defaulter shayari,12,12,140,30,0.00,https://attitude-shyari.com/,0,0,0.00,0.33,43200,"65, 65, 100, 82, 82, 82, 100, 82, 65, 82, 53, 65",2026-07-19,"Reviews, Video, Related searches",informational,Organic
attitude status shayari,42,42,1300,32,0.00,https://attitude-shyari.com/,0,0,0.00,0.33,132,"68, 84, 100, 84, 68, 53, 46, 46, 38, 46, 46, 53",2026-06-24,"Image pack, Reviews, Video, Image, Related searches",informational,Organic
attitude shero shayari,48,48,110,27,0.00,https://attitude-shyari.com/,0,0,0.00,0.33,124,"64, 100, 79, 79, 100, 64, 79, 79, 64, 64, 50, 64",2026-07-01,"Image pack, Reviews, Video, Image, Related searches",informational,Organic
attitude shero shayari,51,51,110,27,0.00,https://attitude-shyari.com/,0,0,0.00,0.33,124,"64, 100, 79, 79, 100, 64, 79, 79, 64, 64, 50, 64",2026-07-01,"Image pack, Reviews, Video, Image, Related searches",informational,Organic
shayri attitude,40,40,2900,29,0.00,https://attitude-shyari.com/,0,0,0.00,0,123,"81, 100, 67, 100, 100, 100, 100, 81, 67, 53, 44, 44",2026-07-13,"Image pack, Reviews, Video, Related searches",commercial,Organic
new cool status in hindi,34,34,140,23,0.00,https://attitude-shyari.com/attitude-status-in-hindi/,0,0,0.00,0.33,143,"3, 16, 22, 34, 34, 34, 34, 44, 44, 66, 100, 81",2026-07-19,"Reviews, Video, People also ask, Related searches",commercial,Organic
new shayari attitude,44,44,1300,36,0.00,https://attitude-shyari.com/,0,0,0.00,0.33,134,"100, 100, 84, 84, 84, 68, 100, 84, 53, 53, 53, 46",2026-07-14,"Reviews, Video, People also ask, Related searches, AI overview",informational,Organic
attitude shayari girl new,56,56,140,3,0.00,https://attitude-shyari.com/attitude-shayari-for-girls-in-hindi/,0,0,0.00,0,126,"44, 82, 82, 100, 28, 18, 3, 23, 8, 3, 13, 3",2026-06-22,"Sitelinks, Video, Related searches",informational,Organic
full attitude shayari,36,36,720,34,0.00,https://attitude-shyari.com/,0,0,0.00,0.33,122,"100, 100, 100, 82, 82, 82, 82, 82, 82, 82, 67, 82",2026-06-28,"Reviews, Video, People also ask, Related searches",commercial,Organic
title shayari,55,55,260,24,0.00,https://attitude-shyari.com/,0,0,0.00,0.33,127,"44, 44, 54, 44, 44, 44, 67, 100, 81, 54, 54, 29",2026-07-10,"Image pack, Video, People also ask, Related searches",informational,Organic
attitude hindi shayri,39,39,720,27,0.03,https://attitude-shyari.com/,0,0,0.00,0,130,"67, 67, 82, 100, 100, 82, 82, 82, 67, 67, 67, 67",2026-07-11,"Reviews, Video, Related searches",informational,Organic
attitude two line shayari,50,50,480,17,0.00,https://attitude-shyari.com/attitude-shayari-2-line-in-hindi/,0,0,0.00,0.33,140,"100, 100, 100, 81, 81, 100, 100, 81, 81, 100, 81, 81",2026-07-21,"Sitelinks, Video, Related searches",commercial,Organic
full attitude hindi status,45,45,140,23,0.00,https://attitude-shyari.com/attitude-status-in-hindi/,0,0,0.00,0.33,143,"54, 35, 54, 42, 35, 42, 42, 42, 65, 100, 54, 54",2026-07-29,"Reviews, Video, Related searches",commercial,Organic
attitude hindi shayari 2 line,53,53,140,13,0.00,https://attitude-shyari.com/attitude-shayari-2-line-in-hindi/,0,0,0.00,0.33,119,"52, 67, 81, 100, 81, 67, 81, 100, 67, 43, 43, 33",2026-07-10,"Sitelinks, Video, People also ask, Related searches",commercial,Organic
ladkon ke upar shayari,43,43,110,3,0.00,https://attitude-shyari.com/boys-attitude-shayari-in-hindi/,0,0,0.00,0.33,129,"64, 64, 100, 64, 64, 100, 79, 79, 79, 79, 100, 64",2026-08-14,"Sitelinks, Reviews, Video, Video Carousel, People also ask, Related searches",informational,Organic
best attitude shayari,43,43,2900,33,0.00,https://attitude-shyari.com/,0,0,0.00,0.33,131,"81, 81, 81, 100, 100, 100, 81, 81, 67, 67, 53, 67",2026-07-21,"Image pack, Reviews, Video, People also ask, Related searches",commercial,Organic
best attitude shayari,46,46,2900,33,0.00,https://attitude-shyari.com/,0,0,0.00,0.33,131,"81, 81, 81, 100, 100, 100, 81, 81, 67, 67, 53, 67",2026-07-21,"Image pack, Reviews, Video, People also ask, Related searches",commercial,Organic
best status on attitude in hindi,11,11,140,13,0.00,https://attitude-shyari.com/attitude-status-in-hindi/,0,0,0.00,0.33,141,"3, 3, 13, 23, 28, 28, 44, 44, 54, 54, 100, 82",2026-06-23,"Sitelinks, Reviews, Video, Video Carousel, Related searches",commercial,Organic
bindass girl shayari,44,44,320,17,0.00,https://attitude-shyari.com/attitude-shayari-for-girls-in-hindi/,0,0,0.00,0,128,"44, 82, 67, 82, 82, 82, 67, 100, 67, 82, 67, 100",2026-07-08,"Sitelinks, Video, People also ask, Related searches, AI overview",informational,Organic
handsome boy shayari,17,17,320,5,0.00,https://attitude-shyari.com/boys-attitude-shayari-in-hindi/,0,0,0.00,0,118,"100, 100, 100, 100, 100, 100, 100, 100, 81, 100, 66, 81",2026-08-18,"Image pack, Video, Image, People also ask, Related searches",informational,Organic
apne dam par shayari,59,59,140,18,0.00,https://attitude-shyari.com/,0,0,0.00,0.33,92,"81, 100, 81, 67, 43, 43, 67, 67, 67, 67, 67, 67",2026-07-17,"Image pack, Reviews, Video, People also ask, Related searches",informational,Organic
best attitude shayari in hindi,39,39,880,31,0.00,https://attitude-shyari.com/,0,0,0.00,0.33,131,"100, 100, 88, 88, 88, 100, 100, 100, 88, 72, 88, 72",2026-07-20,"Reviews, Video, Related searches",commercial,Organic
high attitude hindi shayari,43,43,110,22,0.00,https://attitude-shyari.com/,0,0,0.00,0.33,137,"18, 18, 53, 100, 65, 65, 82, 100, 82, 100, 82, 100",2026-06-27,"Sitelinks, Reviews, Video, Related searches, AI overview","commercial, informational",Organic
rangdari shayari 2 line,56,56,590,13,0.40,https://attitude-shyari.com/attitude-shayari-2-line-in-hindi/,0,0,0.00,0.33,120,"8, 8, 8, 8, 16, 25, 45, 77, 68, 100, 100, 100",2026-07-05,"Sitelinks, Video, Ads top, People also ask, Related searches",commercial,Organic
attitude status in hindi short,41,41,2400,35,0.00,https://attitude-shyari.com/attitude-status-in-hindi/,0,0,0.00,0.33,144,"1, 3, 11, 15, 20, 24, 36, 67, 55, 55, 82, 100",2026-07-13,"Reviews, Video, Featured snippet, People also ask, Related searches",commercial,Organic
shayari in attitude boy,34,34,210,28,0.00,https://attitude-shyari.com/,0,0,0.00,0,127,"54, 42, 35, 42, 65, 81, 100, 100, 100, 100, 65, 100",2026-07-10,"Video, Related searches",commercial,Organic
hero shayari,23,23,390,13,0.00,https://attitude-shyari.com/,0,0,0.00,0.33,114,"81, 81, 81, 81, 66, 81, 100, 66, 66, 54, 54, 54",2026-07-21,"Image pack, Video, People also ask, Related searches",informational,Organic
dhasu status hindi,44,44,110,15,0.00,https://attitude-shyari.com/attitude-status-in-hindi/,0,0,0.00,0.33,138,"82, 82, 82, 100, 82, 41, 65, 53, 65, 53, 53, 53",2026-06-21,"Sitelinks, Reviews, Video, People also ask, Related searches",commercial,Organic
attitude ki shayari,36,36,390,30,0.00,https://attitude-shyari.com/,0,0,0.00,0.33,124,"81, 81, 81, 81, 81, 66, 100, 100, 66, 54, 44, 44",2026-07-06,"Reviews, Video, People also ask, Related searches, AI overview",informational,Organic
shayari attitude in hindi,42,42,2400,39,0.00,https://attitude-shyari.com/,0,0,0.00,0.33,125,"55, 66, 66, 55, 83, 83, 83, 100, 83, 83, 66, 83",2026-06-23,"Image pack, Reviews, Video, People also ask, Related searches, AI overview","commercial, informational",Organic
1 line status in hindi attitude,46,46,590,28,0.00,https://attitude-shyari.com/attitude-status-in-hindi/,0,0,0.00,0.33,140,"1, 4, 16, 24, 24, 30, 30, 37, 30, 37, 81, 100",2026-07-05,"Reviews, Video, Featured snippet, People also ask, Related searches",informational,Organic
hindi full attitude status,40,40,260,22,0.00,https://attitude-shyari.com/attitude-status-in-hindi/,0,0,0.00,0.33,144,"4, 12, 29, 29, 24, 29, 44, 36, 36, 44, 100, 82",2026-07-29,"Sitelinks, Reviews, Video, People also ask, Related searches","commercial, informational",Organic
hindi full attitude status,62,62,260,22,0.00,https://attitude-shyari.com/,0,0,0.00,0.33,144,"4, 12, 29, 29, 24, 29, 44, 36, 36, 44, 100, 82",2026-07-29,"Sitelinks, Reviews, Video, People also ask, Related searches","commercial, informational",Organic
shayari hindi attitude girl,18,18,170,3,0.00,https://attitude-shyari.com/attitude-shayari-for-girls-in-hindi/,0,0,0.00,0,122,"100, 100, 54, 81, 65, 42, 54, 65, 54, 54, 65, 65",2026-08-12,"Sitelinks, Reviews, Video, People also ask, Related searches",informational,Organic
attitude shayari 2021,51,51,1300,25,0.00,https://attitude-shyari.com/,0,0,0.00,0,2620000,"25, 100, 84, 100, 84, 84, 84, 53, 53, 53, 53, 68",2026-06-29,"Image pack, Reviews, Video, Related searches, AI overview",informational,Organic
attitude shayari 2022,67,67,1000,44,0.00,https://attitude-shyari.com/,0,0,0.00,0,5730000,"0, 0, 45, 100, 62, 62, 100, 62, 45, 62, 100, 81",2026-06-22,"Reviews, Video, Featured snippet, Related searches","commercial, informational",Organic
no attitude shayari,47,47,170,17,0.00,https://attitude-shyari.com/,0,0,0.00,0.33,127,"100, 100, 81, 81, 100, 100, 81, 52, 52, 52, 43, 43",2026-07-26,"Sitelinks, Video, Related searches","commercial, informational",Organic
dangerous shayari in hindi,35,35,590,20,0.00,https://attitude-shyari.com/,0,0,0.00,0.33,137,"32, 26, 39, 48, 48, 59, 88, 100, 59, 59, 48, 59",2026-06-20,"Image pack, Sitelinks, Video, Image, People also ask, Related searches",informational,Organic
my attitude shayari,14,14,210,23,0.00,https://attitude-shyari.com/,0,0,0.00,0.33,136,"100, 81, 81, 81, 81, 81, 81, 65, 65, 65, 65, 54",2026-07-31,"Image pack, Reviews, Video, People also ask, Related searches",informational,Organic
hindi shayari attitude boy style,71,71,390,22,0.00,https://attitude-shyari.com/boys-attitude-shayari-in-hindi/,0,0,0.00,0,121,"54, 66, 44, 66, 54, 54, 54, 54, 54, 66, 66, 100",2026-07-10,"Sitelinks, Video, People also ask, Related searches",commercial,Organic
attitude 2 lines in hindi,47,47,210,23,0.00,https://attitude-shyari.com/attitude-shayari-2-line-in-hindi/,0,0,0.00,0,136,"66, 66, 66, 53, 66, 66, 81, 100, 66, 44, 28, 34",2026-07-24,"Sitelinks, Reviews, Video, People also ask, Related searches",commercial,Organic
attitude shayari 4 line,43,43,110,14,0.00,https://attitude-shyari.com/,0,0,0.00,0.33,130,"65, 65, 65, 53, 65, 82, 100, 100, 53, 41, 41, 53",2026-07-13,"Image pack, Video, People also ask, Related searches, AI overview",informational,Organic
two line shayari on attitude,45,45,170,31,0.00,https://attitude-shyari.com/attitude-shayari-2-line-in-hindi/,0,0,0.00,0.33,134,"3, 3, 23, 36, 44, 36, 54, 44, 28, 44, 100, 67",2026-07-03,"Video, Featured snippet, Related searches","commercial, informational",Organic
stylish girl shayari,21,21,110,7,0.00,https://attitude-shyari.com/attitude-shayari-for-girls-in-hindi/,0,0,0.00,0,113,"65, 82, 82, 100, 65, 53, 53, 82, 53, 53, 53, 82",2026-08-10,"Sitelinks, Video, People also ask, Related searches",informational,Organic
attitude shayari for boys in hindi,92,92,1900,30,0.00,https://attitude-shyari.com/,0,0,0.00,0,132,"79, 100, 100, 100, 79, 79, 79, 79, 67, 79, 67, 67",2026-07-16,"Sitelinks, Reviews, Video, Related searches",commercial,Organic
royal attitude status in hindi for instagram,30,30,590,3,0.00,https://attitude-shyari.com/attitude-status-in-hindi/,0,0,0.00,0.33,123,"1, 2, 1, 2, 2, 6, 11, 30, 62, 100, 100, 100",2026-06-20,"Sitelinks, Video, People also ask",informational,Organic
cool attitude shayari,36,36,210,32,0.00,https://attitude-shyari.com/,0,0,0.00,0,129,"100, 100, 81, 100, 67, 100, 81, 100, 81, 100, 100, 100",2026-06-29,"Reviews, Video, People also ask, Related searches",commercial,Organic
new hindi status attitude,37,37,880,23,0.00,https://attitude-shyari.com/attitude-status-in-hindi/,0,0,0.00,0.33,129,"11, 13, 16, 16, 20, 30, 42, 37, 42, 54, 100, 79",2026-07-28,"Reviews, Video, Related searches",commercial,Organic
attitude status text hindi,43,43,480,30,0.00,https://attitude-shyari.com/attitude-status-in-hindi/,0,0,0.00,0.33,138,"1, 1, 4, 5, 5, 6, 11, 17, 9, 25, 100, 100",2026-07-10,"Sitelinks, Reviews, Video, Featured snippet, Video Carousel, People also ask, Related searches",informational,Organic
branded shayari,52,52,590,23,0.00,https://attitude-shyari.com/,0,0,0.00,0.33,109,"44, 44, 44, 100, 67, 67, 67, 100, 82, 82, 30, 24",2026-06-21,"Image pack, Reviews, Video, People also ask, Related searches",informational,Organic
best attitude status in hindi,13,13,390,23,0.00,https://attitude-shyari.com/attitude-status-in-hindi/,0,0,0.00,0.33,147,"81, 100, 100, 81, 81, 81, 81, 81, 81, 67, 81, 100",2026-07-31,"Sitelinks, Reviews, Video, Related searches",commercial,Organic
attitude status in hindi boy,37,37,390,12,0.00,https://attitude-shyari.com/attitude-status-in-hindi/,0,0,0.00,0,142,"100, 100, 81, 100, 100, 81, 81, 100, 67, 67, 67, 67",2026-07-07,"Video, Featured snippet, Related searches",commercial,Organic
attitude status hindi mein,19,19,110,19,0.00,https://attitude-shyari.com/attitude-status-in-hindi/,0,0,0.00,0.33,145,"79, 64, 100, 79, 79, 79, 100, 100, 79, 50, 36, 64",2026-07-28,"Reviews, Related searches",commercial,Organic
attitude status hindi mein,30,30,110,19,0.00,https://attitude-shyari.com/attitude-status-in-hindi/,0,0,0.00,0.33,145,"79, 64, 100, 79, 79, 79, 100, 100, 79, 50, 36, 64",2026-07-28,"Reviews, Related searches",commercial,Organic
best boy status in hindi,14,14,110,17,0.00,https://attitude-shyari.com/boys-attitude-shayari-in-hindi/,0,0,0.00,0,141,"100, 66, 44, 66, 9, 44, 34, 3, 6, 3, 3, 3",2026-06-23,"Sitelinks, Video, Featured snippet, People also ask, Related searches",commercial,Organic
system shayari,54,54,480,29,0.00,https://attitude-shyari.com/,0,0,0.00,0.33,130,"100, 100, 100, 82, 82, 67, 67, 82, 67, 54, 44, 44",2026-06-27,"Image pack, Reviews, Video, People also ask, Related searches",informational,Organic
true line attitude status in hindi,37,37,140,26,0.00,https://attitude-shyari.com/attitude-status-in-hindi/,0,0,0.00,0.33,138,"3, 9, 34, 44, 53, 34, 66, 53, 44, 44, 100, 81",2026-07-03,"Sitelinks, Reviews, Video, Featured snippet, People also ask, Related searches","commercial, informational",Organic
a attitude status in hindi,38,38,140,26,0.00,https://attitude-shyari.com/attitude-status-in-hindi/,0,0,0.00,0,145,"8, 42, 81, 81, 81, 81, 100, 81, 81, 4, 0, 0",2026-07-27,"Sitelinks, Reviews, Related searches","commercial, informational",Organic
hindi status full attitude,34,34,140,23,0.00,https://attitude-shyari.com/attitude-status-in-hindi/,0,0,0.00,0.33,146,"54, 35, 54, 42, 35, 42, 42, 42, 65, 100, 54, 54",2026-07-29,"Sitelinks, Reviews, Video, Related searches","commercial, informational",Organic
shayri in hindi attitude,44,44,1300,30,0.01,https://attitude-shyari.com/,0,0,0.00,0,120,"100, 100, 77, 77, 77, 100, 100, 100, 77, 100, 77, 77",2026-06-29,"Reviews, Video, Video Carousel, Related searches, AI overview",commercial,Organic
boy shayari in hindi,68,68,390,26,0.00,https://attitude-shyari.com/boys-attitude-shayari-in-hindi/,0,0,0.00,0,136,"66, 81, 100, 66, 54, 54, 54, 66, 66, 81, 66, 81",2026-06-22,"Sitelinks, Reviews, Video, Image, Related searches",commercial,Organic
high attitude shayari hindi,37,37,110,23,0.00,https://attitude-shyari.com/,0,0,0.00,0.33,12300000,"18, 18, 53, 100, 65, 65, 82, 100, 82, 100, 82, 100",2026-06-27,"Reviews, Video, Related searches, AI overview",informational,Organic
attitude 2 line shayari in hindi,43,43,170,21,0.00,https://attitude-shyari.com/attitude-shayari-2-line-in-hindi/,0,0,0.00,0.33,128,"81, 67, 81, 67, 81, 81, 100, 100, 81, 81, 81, 81",2026-07-05,"Sitelinks, Video, People also ask, Related searches",commercial,Organic
attitude shayari two line,43,43,720,16,0.01,https://attitude-shyari.com/attitude-shayari-2-line-in-hindi/,0,0,0.00,0.01,131,"39, 48, 88, 100, 88, 100, 88, 100, 72, 72, 72, 88",2026-06-25,"Image pack, Sitelinks, Video, Image, People also ask, Related searches","commercial, informational",Organic
shayari attitude wala,45,45,260,22,0.00,https://attitude-shyari.com/,0,0,0.00,0.33,125,"67, 100, 82, 82, 67, 54, 67, 82, 67, 82, 67, 67",2026-07-09,"Reviews, Video, People also ask, Related searches","commercial, informational",Organic
2 line attitude shayari in hindi,53,53,3600,29,0.40,https://attitude-shyari.com/attitude-shayari-2-line-in-hindi/,0,0,0.00,0.33,128,"2, 2, 3, 3, 5, 3, 6, 10, 30, 55, 45, 100",2026-07-09,"Image pack, Sitelinks, Video, People also ask, Related searches, AI overview",informational,Organic
khatarnak shayari 2 line,60,60,320,6,0.00,https://attitude-shyari.com/attitude-shayari-2-line-in-hindi/,0,0,0.00,0.33,109,"10, 12, 15, 12, 15, 29, 54, 100, 82, 82, 67, 44",2026-07-11,"Sitelinks, Video, People also ask, Related searches, AI overview",informational,Organic
full attitude status in hindi,43,43,140,26,0.00,https://attitude-shyari.com/attitude-status-in-hindi/,0,0,0.00,0.33,18600,"54, 35, 54, 42, 35, 42, 42, 42, 65, 100, 54, 54",2026-07-29,"Sitelinks, Reviews, Video, Featured snippet, Related searches","commercial, informational",Organic
full attitude status in hindi,53,53,140,26,0.00,https://attitude-shyari.com/,0,0,0.00,0.33,18600,"54, 35, 54, 42, 35, 42, 42, 42, 65, 100, 54, 54",2026-07-29,"Sitelinks, Reviews, Video, Featured snippet, Related searches","commercial, informational",Organic
life attitude status in hindi,22,22,170,25,0.00,https://attitude-shyari.com/attitude-status-in-hindi/,0,0,0.00,0.33,147,"81, 100, 65, 65, 54, 54, 81, 65, 42, 54, 65, 54",2026-08-11,"Sitelinks, Reviews, Video, Featured snippet, Related searches","commercial, informational",Organic
shayari attitude girl hindi,18,0,320,4,0.00,https://attitude-shyari.com/attitude-shayari-for-girls-in-hindi/,0,0,0.00,0,122,"67, 100, 67, 81, 67, 67, 67, 81, 54, 67, 67, 67",2026-08-20,"Sitelinks, Reviews, Video, Video Carousel, People also ask, Related searches",informational,Organic
attitude quotes in hindi one line,40,40,260,20,0.00,https://attitude-shyari.com/,0,0,0.00,0.33,131,"8, 8, 24, 44, 44, 44, 54, 66, 54, 66, 66, 100",2026-07-10,"Sitelinks, Reviews, Video, People also ask, Related searches","commercial, informational",Organic
hindi nawabi status,40,40,110,11,0.00,https://attitude-shyari.com/attitude-status-in-hindi/,0,0,0.00,0.33,117,"41, 65, 100, 100, 82, 100, 82, 82, 65, 29, 24, 18",2026-07-29,"Sitelinks, Video, Related searches","commercial, informational",Organic
dosti attitude shayri,1,1,140,4,0.00,https://attitude-shyari.com/dosti-attitude-shayari/,0,0,0.00,0,113,"3, 1, 29, 1, 100, 19, 1, 1, 1, 3, 44, 36",2026-08-09,"Sitelinks, Video, Related searches, AI overview",informational,AI overview
shayari attitude hindi boy,30,30,170,26,0.00,https://attitude-shyari.com/boys-attitude-shayari-in-hindi/,0,0,0.00,0,135,"10, 23, 23, 54, 44, 54, 44, 67, 100, 82, 36, 36",2026-08-15,"Image pack, Sitelinks, Video, Featured snippet, People also ask, Related searches",informational,Organic
status adda in hindi,13,13,110,,0.00,https://attitude-shyari.com/attitude-status-in-hindi/,0,0,0.00,0,126000000,"4, 8, 19, 42, 54, 42, 65, 65, 81, 100, 0, 0",2026-07-02,"Reviews, Video, Related searches",informational,Organic
shayari in attitude,48,48,720,36,0.00,https://attitude-shyari.com/,0,0,0.00,0.33,131,"100, 100, 82, 82, 82, 100, 100, 82, 67, 67, 67, 55",2026-07-23,"Reviews, Video, Featured snippet, Related searches","commercial, informational",Organic
shayari on attitude boy,29,29,170,23,0.00,https://attitude-shyari.com/boys-attitude-shayari-in-hindi/,0,0,0.00,0,127,"67, 43, 81, 81, 81, 67, 100, 100, 81, 81, 67, 100",2026-08-10,"Sitelinks, Video, People also ask, Related searches",informational,Organic
shayari on attitude boy,38,38,170,23,0.00,https://attitude-shyari.com/boys-attitude-shayari-in-hindi/,0,0,0.00,0,127,"67, 43, 81, 81, 81, 67, 100, 100, 81, 81, 67, 100",2026-08-10,"Sitelinks, Video, People also ask, Related searches",informational,Organic
bullet attitude status in hindi,59,59,210,20,0.00,https://attitude-shyari.com/,0,0,0.00,0.33,135,"2, 8, 12, 15, 19, 36, 29, 29, 36, 54, 81, 100",2026-07-22,"Sitelinks, Reviews, Video, Featured snippet, Related searches","commercial, informational",Organic
one line quotes in hindi attitude,14,14,110,18,0.00,https://attitude-shyari.com/attitude-status-in-hindi/,0,0,0.00,0.33,135,"79, 64, 79, 50, 64, 79, 100, 100, 79, 100, 100, 100",2026-08-15,"Reviews, Video, Featured snippet, People also ask, Related searches",informational,Organic
heart touching attitude shayari,56,56,260,12,0.00,https://attitude-shyari.com/,0,0,0.00,0.33,135,"100, 36, 67, 29, 44, 24, 10, 36, 12, 24, 24, 24",2026-06-26,"Image pack, Sitelinks, Reviews, Video, Featured snippet, People also ask, Related searches",informational,Organic
attitude shayari best,48,48,140,27,0.00,https://attitude-shyari.com/,0,0,0.00,0.01,126,"67, 81, 81, 100, 81, 100, 81, 67, 67, 52, 52, 52",2026-07-14,"Reviews, Video, People also ask, Related searches",commercial,Organic
damdar attitude status,14,14,170,27,0.00,https://attitude-shyari.com/attitude-status-in-hindi/,0,0,0.00,0,298,"9, 34, 66, 66, 66, 100, 100, 81, 81, 3, 3, 0",2026-07-29,"Video, Related searches, AI overview",informational,Organic
shayari on handsome boy,30,30,110,13,0.00,https://attitude-shyari.com/boys-attitude-shayari-in-hindi/,0,0,0.00,0,111,"79, 100, 79, 100, 64, 79, 79, 79, 79, 100, 79, 100",2026-07-07,"Image pack, Video, Image, Related searches, AI overview",informational,Organic
attitude text in hindi,45,45,880,29,0.00,https://attitude-shyari.com/,0,0,0.00,0.33,71,"2, 3, 3, 6, 6, 6, 7, 9, 9, 16, 55, 100",2026-07-10,"Instant answer, Reviews, Video, Related searches, AI overview",informational,Organic
shayari boy attitude,38,38,1300,30,0.00,https://attitude-shyari.com/,0,0,0.00,0,135,"55, 62, 81, 81, 81, 100, 81, 81, 62, 62, 62, 100",2026-07-13,"Image pack, Video, Related searches",informational,Organic
cool boy shayari,49,49,170,3,0.00,https://attitude-shyari.com/boys-attitude-shayari-in-hindi/,0,0,0.00,0,123,"52, 81, 100, 81, 67, 52, 52, 100, 67, 81, 81, 81",2026-07-21,"Sitelinks, Video, People also ask, Related searches","commercial, informational",Organic
cool boy shayari,52,52,170,3,0.00,https://attitude-shyari.com/boys-attitude-shayari-in-hindi/,0,0,0.00,0,123,"52, 81, 100, 81, 67, 52, 52, 100, 67, 81, 81, 81",2026-07-21,"Sitelinks, Video, People also ask, Related searches","commercial, informational",Organic
